Workbook

Sheet Main
B1: Config IO
B2: Port | C2: 0 | F2: Port | G2: 1 | J2: Port | K2: 3
B3: Mode | C3: State | D3: Define Pin | F3: Mode | G3: State | H3: Define Pin | J3: Mode | K3: State | L3: Define Pin
D4: Config_GPIO | E4: Nuvoton | H4: Config_GPIO | I4: Nuvoton | L4: Config_GPIO | M4: Nuvoton
A5: Px7 | B5: Input-only | C5: 0 | F5: Push-pull | G5: 1 | H5: RL2
A6: Px6 | B6: Input-only | C6: 0 | D6: SW2 | F6: Input-only | G6: 1
A7: Px5 | B7: Quasi | C7: 1 | D7: DOWN | F7: Input-only | G7: 0
A8: Px4 | B8: Quasi | C8: 1 | D8: UP | F8: Quasi | G8: 1 | H8: SET
A9: Px3 | B9: Push-pull | C9: 1 | D9: RL1 | F9: Input-only | G9: 0
A10: Px2 | B10: Open-drain | C10: 1 | D10: STT | F10: Push-pull | G10: 1 | H10: SCL1
A11: Px1 | B11: Quasi | C11: 1 | F11: Quasi | G11: 1 | H11: SDA1
A12: Px0 | B12: Quasi | C12: 1 | D12: SDA2 | F12: Push-pull | G12: 1 | H12: SCL2 | J12: Push-pull | K12: 0 | L12: RL3
B13: Code Config Port 0 | E13: Select | F13: Code Config Port 1 | I13: Select | J13: Code Config Port 3 | M13: Select
B14: =CONCATENATE( "P",$C$2,"=",Temp!$G$4,";", CHAR(10), "P",$C$2,"M1=",Temp!$B$19,";", CHAR(10), "P",$C$2,"M2=",Temp!$C$19,";" ) -> P0=0x3F; P0M1=0xC4; P0M2=0x0C; | E14: Yes | F14: =CONCATENATE( "P",$G$2,"=",Temp!$H$4,";", CHAR(10), "P",$G$2,"M1=",Temp!$D$19,";", CHAR(10), "P",$G$2,"M2=",Temp!$E$19,";" ) -> P1=0xD7; P1M1=0x68; P1M2=0x85; | I14: Yes | J14: =CONCATENATE( "P",$K$2,"=",Temp!$I$4,";", CHAR(10), "P",$K$2,"M1=",Temp!$F$19,";", CHAR(10), "P",$K$2,"M2=",Temp!$G$19,";" ) -> P3=0x00; P3M1=0x00; P3M2=0x01; | M14: Yes
B17: Add Caption | M17: Yes
A18: =CONCATENATE(IF(OR( D5<>"",D6<>"",D7<>"",D8<>"",D9<>"",D10<>"",D11<>"",D11<>"", H5<>"",H6<>"",H7<>"",H8<>"",H9<>"",H10<>"",H11<>"",H11<>"", L12<>""),"/* Define Config IO By Config_IO */"&CHAR(10)&"#include "&CHAR(34)&"Config_GPIO.c"&CHAR(34)&CHAR(10),""), IF(D5="","","#define "&D5&" Pin_P07"&CHAR(10)), IF(D6="","","#define "&D6&" Pin_P06"&CHAR(10)), IF(D7="","","#define "&D7&" Pin_P05"&CHAR(10)), IF(D8="","","#define "&D8&" Pin_P04"&CHAR(10)), IF(D9="","","#define "&D9&" Pin_P03"&CHAR(10)), IF(D10="","","#define "&D10&" Pin_P02"&CHAR(10)), IF(D11="","","#define "&D11&" Pin_P01"&CHAR(10)), IF(D12="","","#define "&D12&" Pin_P00"&CHAR(10)), IF(H5="","","#define "&H5&" Pin_P17"&CHAR(10)), IF(H6="","","#define "&H6&" Pin_P16"&CHAR(10)), IF(H7="","","#define "&H7&" Pin_P15"&CHAR(10)), IF(H8="","","#define "&H8&" Pin_P14"&CHAR(10)), IF(H9="","","#define "&H9&" Pin_P13"&CHAR(10)), IF(H10="","","#define "&H10&" Pin_P12"&CHAR(10)), IF(H11="","","#define "&H11&" Pin_P11"&CHAR(10)), IF(H12="","","#define "&H12&" Pin_P10"&CHAR(10)), IF(L12="","","#define "&L12&" Pin_P30"&CHAR(10)), IF(OR( D5<>"",D6<>"",D7<>"",D8<>"",D9<>"",D10<>"",D11<>"",D11<>"", H5<>"",H6<>"",H7<>"",H8<>"",H9<>"",H10<>"",H11<>"",H11<>"", L12<>""),"/* Define Config IO By Config_IO */"&CHAR(10),""), IF(OR( E5<>"",E6<>"",E7<>"",E8<>"",E9<>"",E10<>"",E11<>"",E11<>"", I5<>"",I6<>"",I7<>"",I8<>"",I9<>"",I10<>"",I11<>"",I11<>"", M12<>""),"/* Define Config IO By Nuvoton */"&CHAR(10),""), IF(E5="","","#define "&E5&" P07"&CHAR(10)), IF(E6="","","#define "&E6&" P06"&CHAR(10)), IF(E7="","","#define "&E7&" P05"&CHAR(10)), IF(E8="","","#define "&E8&" P04"&CHAR(10)), IF(E9="","","#define "&E9&" P03"&CHAR(10)), IF(E10="","","#define "&E10&" P02"&CHAR(10)), IF(E11="","","#define "&E11&" P01"&CHAR(10)), IF(E12="","","#define "&E12&" P00"&CHAR(10)), IF(I5="","","#define "&I5&" P17"&CHAR(10)), IF(I6="","","#define "&I6&" P16"&CHAR(10)), IF(I7="","","#define "&I7&" P15"&CHAR(10)), IF(I8="","","#define "&I8&" P14"&CHAR(10)), IF(I9="","","#define "&I9&" P13"&CHAR(10)), IF(I10="","","#define "&I10&" P12"&CHAR(10)), IF(I11="","","#define "&I11&" P11"&CHAR(10)), IF(I12="","","#define "&I12&" P10"&CHAR(10)), IF(M12="","","#define "&M12&" P30"&CHAR(10)), IF(OR( E5<>"",E6<>"",E7<>"",E8<>"",E9<>"",E10<>"",E11<>"",E11<>"", I5<>"",I6<>"",I7<>"",I8<>"",I9<>"",I10<>"",I11<>"",I11<>"", M12<>""),"/* Define Config IO By Nuvoton */"&CHAR(10),""), "void GPIO_INIT() {",CHAR(10), IF(AND(M17="Yes",OR(E14="Yes",I14="Yes",M14="Yes")),"/* ===== GPIO INIT ====="&CHAR(10),""), IF(AND(M17="Yes",OR(E14="Yes",I14="Yes",M14="Yes")),"| Port |"&IF(E14="Yes"," P0 |","")&IF(I14="Yes"," P1 |","")&IF(M14="Yes"," P3 |"&CHAR(10),""),""), IF(AND(M17="Yes",OR(E14="Yes",I14="Yes",M14="Yes")),"| Px7 |"&IF(E14="Yes",VLOOKUP(B5,Temp!$B$2:$E$6,4,FALSE)&"|","")&IF(I14="Yes",VLOOKUP(F5,Temp!$B$2:$E$6,4,FALSE)&"|","")&IF(M14="Yes"," |","")&CHAR(10),""), IF(AND(M17="Yes",OR(E14="Yes",I14="Yes",M14="Yes")),"| Px6 |"&IF(E14="Yes",VLOOKUP(B6,Temp!$B$2:$E$6,4,FALSE)&"|","")&IF(I14="Yes",VLOOKUP(F6,Temp!$B$2:$E$6,4,FALSE)&"|","")&IF(M14="Yes"," |","")&CHAR(10),""), IF(AND(M17="Yes",OR(E14="Yes",I14="Yes",M14="Yes")),"| Px5 |"&IF(E14="Yes",VLOOKUP(B7,Temp!$B$2:$E$6,4,FALSE)&"|","")&IF(I14="Yes",VLOOKUP(F7,Temp!$B$2:$E$6,4,FALSE)&"|","")&IF(M14="Yes"," |","")&CHAR(10),""), IF(AND(M17="Yes",OR(E14="Yes",I14="Yes",M14="Yes")),"| Px4 |"&IF(E14="Yes",VLOOKUP(B8,Temp!$B$2:$E$6,4,FALSE)&"|","")&IF(I14="Yes",VLOOKUP(F8,Temp!$B$2:$E$6,4,FALSE)&"|","")&IF(M14="Yes"," |","")&CHAR(10),""), IF(AND(M17="Yes",OR(E14="Yes",I14="Yes",M14="Yes")),"| Px3 |"&IF(E14="Yes",VLOOKUP(B9,Temp!$B$2:$E$6,4,FALSE)&"|","")&IF(I14="Yes",VLOOKUP(F9,Temp!$B$2:$E$6,4,FALSE)&"|","")&IF(M14="Yes"," |","")&CHAR(10),""), IF(AND(M17="Yes",OR(E14="Yes",I14="Yes",M14="Yes")),"| Px2 |"&IF(E14="Yes",VLOOKUP(B10,Temp!$B$2:$E$6,4,FALSE)&"|","")&IF(I14="Yes",VLOOKUP(F10,Temp!$B$2:$E$6,4,FALSE)&"|","")&IF(M14="Yes"," |","")&CHAR(10),""), IF(AND(M17="Yes",OR(E14="Yes",I14="Yes",M14="Yes")),"| Px1 |"&IF(E14="Yes",VLOOKUP(B11,Temp!$B$2:$E$6,4,FALSE)&"|","")&IF(I14="Yes",VLOOKUP(F11,Temp!$B$2:$E$6,4,FALSE)&"|","")&IF(M14="Yes"," |","")&CHAR(10),""), IF(AND(M17="Yes",OR(E14="Yes",I14="Yes",M14="Yes")),"| Px0 |"&IF(E14="Yes",VLOOKUP(B12,Temp!$B$2:$E$6,4,FALSE)&"|","")&IF(I14="Yes",VLOOKUP(F12,Temp!$B$2:$E$6,4,FALSE)&"|","")&IF(M14="Yes",VLOOKUP(J12,Temp!$B$2:$E$6,4,FALSE)&"|","")&CHAR(10),""), IF(AND(M17="Yes",OR(E14="Yes",I14="Yes",M14="Yes")),"===== GPIO INIT =====*/"&CHAR(10),""), IF(AND(M17="Yes",OR(E14="Yes",I14="Yes",M14="Yes")),"/* ===== GPIO DEFAULT STATE ====="&CHAR(10),""), IF(AND(M17="Yes",OR(E14="Yes",I14="Yes",M14="Yes")),"| Port |"&IF(E14="Yes"," P0 |","")&IF(I14="Yes"," P1 |","")&IF(M14="Yes"," P3 |"&CHAR(10),""),""), IF(AND(M17="Yes",OR(E14="Yes",I14="Yes",M14="Yes")),"| Px7 |"&IF(E14="Yes"," "&C5&" |","")&IF(I14="Yes"," "&G5&" |","")&IF(M14="Yes"," |","")&CHAR(10),""), IF(AND(M17="Yes",OR(E14="Yes",I14="Yes",M14="Yes")),"| Px6 |"&IF(E14="Yes"," "&C6&" |","")&IF(I14="Yes"," "&G6&" |","")&IF(M14="Yes"," |","")&CHAR(10),""), IF(AND(M17="Yes",OR(E14="Yes",I14="Yes",M14="Yes")),"| Px5 |"&IF(E14="Yes"," "&C7&" |","")&IF(I14="Yes"," "&G7&" |","")&IF(M14="Yes"," |","")&CHAR(10),""), IF(AND(M17="Yes",OR(E14="Yes",I14="Yes",M14="Yes")),"| Px4 |"&IF(E14="Yes"," "&C8&" |","")&IF(I14="Yes"," "&G8&" |","")&IF(M14="Yes"," |","")&CHAR(10),""), IF(AND(M17="Yes",OR(E14="Yes",I14="Yes",M14="Yes")),"| Px3 |"&IF(E14="Yes"," "&C9&" |","")&IF(I14="Yes"," "&G9&" |","")&IF(M14="Yes"," |","")&CHAR(10),""), IF(AND(M17="Yes",OR(E14="Yes",I14="Yes",M14="Yes")),"| Px2 |"&IF(E14="Yes"," "&C10&" |","")&IF(I14="Yes"," "&G10&" |","")&IF(M14="Yes"," |","")&CHAR(10),""), IF(AND(M17="Yes",OR(E14="Yes",I14="Yes",M14="Yes")),"| Px1 |"&IF(E14="Yes"," "&C11&" |","")&IF(I14="Yes"," "&G11&" |","")&IF(M14="Yes"," |","")&CHAR(10),""), IF(AND(M17="Yes",OR(E14="Yes",I14="Yes",M14="Yes")),"| Px0 |"&IF(E14="Yes"," "&C12&" |","")&IF(I14="Yes"," "&G12&" |","")&IF(M14="Yes"," "&K12&" |","")&CHAR(10),""), IF(AND(M17="Yes",OR(E14="Yes",I14="Yes",M14="Yes"))," ===== GPIO DEFAULT STATE =====*/"&CHAR(10),""), IF(E14="Yes",B14&CHAR(10),""), IF(I14="Yes",F14&CHAR(10),""), IF(M14="Yes",J14&CHAR(10),""), "}") -> /* Define Config IO By Config_IO */ #include "Config_GPIO.c" #define SW2 Pin_P06 #define DOWN Pin_P05 #define UP Pin_P04 #define RL1 Pin_P03 #define STT Pin_P02 #define SDA2 Pin_P00 #define RL2 Pin_P17 #define SET Pin_P14 #define SCL1 Pin_P12 #define SDA1 Pin_P11 #define SCL2 Pin_P10 #define RL3 Pin_P30 /* Define Config IO By Config_IO */ void GPIO_INIT() { /* ===== GPIO INIT ===== | Port | P0 | P1 | P3 | | Px7 | Input-only | Push-pull | | | Px6 | Input-only | Input-only | | | Px5 | Quasi | Input-only | | | Px4 | Quasi | Quasi | | | Px3 | Push-pull | Input-only | | | Px2 | Open-drain | Push-pull | | | Px1 | Quasi | Quasi | | | Px0 | Quasi | Push-pull | Push-pull | ===== GPIO INIT =====*/ /* ===== GPIO DEFAULT STATE ===== | Port | P0 | P1 | P3 | | Px7 | 0 | 1 | | | Px6 | 0 | 1 | | | Px5 | 1 | 0 | | | Px4 | 1 | 1 | | | Px3 | 1 | 0 | | | Px2 | 1 | 1 | | | Px1 | 1 | 1 | | | Px0 | 1 | 1 | 0 | ===== GPIO DEFAULT STATE =====*/ P0=0x3F; P0M1=0xC4; P0M2=0x0C; P1=0xD7; P1M1=0x68; P1M2=0x85; P3=0x00; P3M1=0x00; P3M2=0x01; }

Sheet Temp
B2: Type | C2: M1 | D2: M2 | E2: Code | G2: State P0 | H2: State P1 | I2: State P3
B3: Quasi | C3: 0 | D3: 0 | E3: Quasi | G3: =IF(Main!$C$12=1,1,0)+IF(Main!$C$11=1,2,0)+IF(Main!$C$10=1,4,0)+IF(Main!$C$9=1,8,0)+IF(Main!$C$8=1,16,0)+IF(Main!$C$7=1,32,0)+IF(Main!$C$6=1,64,0)+IF(Main!$C$5=1,128,0) -> 63 | H3: =IF(Main!$G$12=1,1,0)+IF(Main!$G$11=1,2,0)+IF(Main!$G$10=1,4,0)+IF(Main!$G$9=1,8,0)+IF(Main!$G$8=1,16,0)+IF(Main!$G$7=1,32,0)+IF(Main!$G$6=1,64,0)+IF(Main!$G$5=1,128,0) -> 215 | I3: =IF(Main!$K$12=1,1,0) -> 0
B4: Push-pull | C4: 0 | D4: 1 | E4: Push-pull | G4: ="0x"&DEC2HEX(G3,2) -> 0x3F | H4: ="0x"&DEC2HEX(H3,2) -> 0xD7 | I4: ="0x"&DEC2HEX(I3,2) -> 0x00
B5: Input-only | C5: 1 | D5: 0 | E5: Input-only
B6: Open-drain | C6: 1 | D6: 1 | E6: Open-drain
B9: P0 | D9: P1 | F9: P3
B10: M1 | C10: M2 | D10: M1 | E10: M2 | F10: M1 | G10: M2
A11: Px7 | B11: =VLOOKUP(Main!B5,Temp!$B$2:$D$6,2,FALSE) -> 1 | C11: =VLOOKUP(Main!B5,Temp!$B$2:$D$6,3,FALSE) -> 0 | D11: =VLOOKUP(Main!F5,Temp!$B$2:$D$6,2,FALSE) -> 0 | E11: =VLOOKUP(Main!F5,Temp!$B$2:$D$6,3,FALSE) -> 1
A12: Px6 | B12: =VLOOKUP(Main!B6,Temp!$B$2:$D$6,2,FALSE) -> 1 | C12: =VLOOKUP(Main!B6,Temp!$B$2:$D$6,3,FALSE) -> 0 | D12: =VLOOKUP(Main!F6,Temp!$B$2:$D$6,2,FALSE) -> 1 | E12: =VLOOKUP(Main!F6,Temp!$B$2:$D$6,3,FALSE) -> 0
A13: Px5 | B13: =VLOOKUP(Main!B7,Temp!$B$2:$D$6,2,FALSE) -> 0 | C13: =VLOOKUP(Main!B7,Temp!$B$2:$D$6,3,FALSE) -> 0 | D13: =VLOOKUP(Main!F7,Temp!$B$2:$D$6,2,FALSE) -> 1 | E13: =VLOOKUP(Main!F7,Temp!$B$2:$D$6,3,FALSE) -> 0
A14: Px4 | B14: =VLOOKUP(Main!B8,Temp!$B$2:$D$6,2,FALSE) -> 0 | C14: =VLOOKUP(Main!B8,Temp!$B$2:$D$6,3,FALSE) -> 0 | D14: =VLOOKUP(Main!F8,Temp!$B$2:$D$6,2,FALSE) -> 0 | E14: =VLOOKUP(Main!F8,Temp!$B$2:$D$6,3,FALSE) -> 0
A15: Px3 | B15: =VLOOKUP(Main!B9,Temp!$B$2:$D$6,2,FALSE) -> 0 | C15: =VLOOKUP(Main!B9,Temp!$B$2:$D$6,3,FALSE) -> 1 | D15: =VLOOKUP(Main!F9,Temp!$B$2:$D$6,2,FALSE) -> 1 | E15: =VLOOKUP(Main!F9,Temp!$B$2:$D$6,3,FALSE) -> 0
A16: Px2 | B16: =VLOOKUP(Main!B10,Temp!$B$2:$D$6,2,FALSE) -> 1 | C16: =VLOOKUP(Main!B10,Temp!$B$2:$D$6,3,FALSE) -> 1 | D16: =VLOOKUP(Main!F10,Temp!$B$2:$D$6,2,FALSE) -> 0 | E16: =VLOOKUP(Main!F10,Temp!$B$2:$D$6,3,FALSE) -> 1
A17: Px1 | B17: =VLOOKUP(Main!B11,Temp!$B$2:$D$6,2,FALSE) -> 0 | C17: =VLOOKUP(Main!B11,Temp!$B$2:$D$6,3,FALSE) -> 0 | D17: =VLOOKUP(Main!F11,Temp!$B$2:$D$6,2,FALSE) -> 0 | E17: =VLOOKUP(Main!F11,Temp!$B$2:$D$6,3,FALSE) -> 0
A18: Px0 | B18: =VLOOKUP(Main!B12,Temp!$B$2:$D$6,2,FALSE) -> 0 | C18: =VLOOKUP(Main!B12,Temp!$B$2:$D$6,3,FALSE) -> 0 | D18: =VLOOKUP(Main!F12,Temp!$B$2:$D$6,2,FALSE) -> 0 | E18: =VLOOKUP(Main!F12,Temp!$B$2:$D$6,3,FALSE) -> 1 | F18: =VLOOKUP(Main!J12,Temp!$B$2:$D$6,2,FALSE) -> 0 | G18: =VLOOKUP(Main!J12,Temp!$B$2:$D$6,3,FALSE) -> 1
B19: ="0x"&DEC2HEX(IF(B18=1,1,0)+IF(B17=1,2,0)+IF(B16=1,4,0)+IF(B15=1,8,0)+IF(B14=1,16,0)+IF(B13=1,32,0)+IF(B12=1,64,0)+IF(B11=1,128,0),2) -> 0xC4 | C19: ="0x"&DEC2HEX(IF(C18=1,1,0)+IF(C17=1,2,0)+IF(C16=1,4,0)+IF(C15=1,8,0)+IF(C14=1,16,0)+IF(C13=1,32,0)+IF(C12=1,64,0)+IF(C11=1,128,0),2) -> 0x0C | D19: ="0x"&DEC2HEX(IF(D18=1,1,0)+IF(D17=1,2,0)+IF(D16=1,4,0)+IF(D15=1,8,0)+IF(D14=1,16,0)+IF(D13=1,32,0)+IF(D12=1,64,0)+IF(D11=1,128,0),2) -> 0x68 | E19: ="0x"&DEC2HEX(IF(E18=1,1,0)+IF(E17=1,2,0)+IF(E16=1,4,0)+IF(E15=1,8,0)+IF(E14=1,16,0)+IF(E13=1,32,0)+IF(E12=1,64,0)+IF(E11=1,128,0),2) -> 0x85 | F19: ="0x"&DEC2HEX(IF(F18=1,1,0)+IF(F17=1,2,0)+IF(F16=1,4,0)+IF(F15=1,8,0)+IF(F14=1,16,0)+IF(F13=1,32,0)+IF(F12=1,64,0)+IF(F11=1,128,0),2) -> 0x00 | G19: ="0x"&DEC2HEX(IF(G18=1,1,0)+IF(G17=1,2,0)+IF(G16=1,4,0)+IF(G15=1,8,0)+IF(G14=1,16,0)+IF(G13=1,32,0)+IF(G12=1,64,0)+IF(G11=1,128,0),2) -> 0x01
